timestamp,temperature_c
2024-07-05T00:00,33
2024-07-05T01:00,31.6
2024-07-05T02:00,30.6
2024-07-05T03:00,27.6
2024-07-05T04:00,23.8
2024-07-05T05:00,21.8
2024-07-05T06:00,20.4
2024-07-05T07:00,18.9
2024-07-05T08:00,17.6
2024-07-05T09:00,16.5
2024-07-05T10:00,15.7
2024-07-05T11:00,14.6
2024-07-05T12:00,14.8
2024-07-05T13:00,12.2
2024-07-05T14:00,14.3
2024-07-05T15:00,17.8
2024-07-05T16:00,20.9
2024-07-05T17:00,23.9
2024-07-05T18:00,26.8
2024-07-05T19:00,29.6
2024-07-05T20:00,32.2
2024-07-05T21:00,34.2
2024-07-05T22:00,35.5
2024-07-05T23:00,36.5
2024-07-06T00:00,36.8
2024-07-06T01:00,35.7
2024-07-06T02:00,34.3
2024-07-06T03:00,30.6
2024-07-06T04:00,25.9
2024-07-06T05:00,23.9
2024-07-06T06:00,22
2024-07-06T07:00,20.5
2024-07-06T08:00,19.4
2024-07-06T09:00,18.8
2024-07-06T10:00,17
2024-07-06T11:00,15.2
2024-07-06T12:00,13.9
2024-07-06T13:00,12.5
2024-07-06T14:00,14.9
2024-07-06T15:00,19
2024-07-06T16:00,22.8
2024-07-06T17:00,26.1
2024-07-06T18:00,29.1
2024-07-06T19:00,31.8
2024-07-06T20:00,34.2
2024-07-06T21:00,36
2024-07-06T22:00,36.8
2024-07-06T23:00,37.2
2024-07-07T00:00,37
2024-07-07T01:00,36
2024-07-07T02:00,34.5
2024-07-07T03:00,30.8
2024-07-07T04:00,26.5
2024-07-07T05:00,25
2024-07-07T06:00,24.6
2024-07-07T07:00,23.6
2024-07-07T08:00,22
2024-07-07T09:00,20.5
2024-07-07T10:00,19
2024-07-07T11:00,15.9
2024-07-07T12:00,15.2
2024-07-07T13:00,13.8
2024-07-07T14:00,15.5
2024-07-07T15:00,19.2
2024-07-07T16:00,22.8
2024-07-07T17:00,25.6
2024-07-07T18:00,28.6
2024-07-07T19:00,31.4
2024-07-07T20:00,33.8
2024-07-07T21:00,35.5
2024-07-07T22:00,36.3
2024-07-07T23:00,36.6
2024-07-08T00:00,36.5
2024-07-08T01:00,35.7
2024-07-08T02:00,34.5
2024-07-08T03:00,31.4
2024-07-08T04:00,26.9
2024-07-08T05:00,24.3
2024-07-08T06:00,22.1
2024-07-08T07:00,20.8
2024-07-08T08:00,19.6
2024-07-08T09:00,19.2
2024-07-08T10:00,18.8
2024-07-08T11:00,17.1
2024-07-08T12:00,16.5
2024-07-08T13:00,15.6
2024-07-08T14:00,17.2
2024-07-08T15:00,20.8
2024-07-08T16:00,24
2024-07-08T17:00,26.8
2024-07-08T18:00,29.6
2024-07-08T19:00,32.4
2024-07-08T20:00,34.5
2024-07-08T21:00,35.9
2024-07-08T22:00,37
2024-07-08T23:00,37.8
2024-07-09T00:00,37.7
2024-07-09T01:00,36.8
2024-07-09T02:00,35.4
2024-07-09T03:00,32.7
2024-07-09T04:00,29.5
2024-07-09T05:00,29.4
2024-07-09T06:00,25.5
2024-07-09T07:00,24.4
2024-07-09T08:00,22.1
2024-07-09T09:00,22.1
2024-07-09T10:00,21.3
2024-07-09T11:00,20
2024-07-09T12:00,17.6
2024-07-09T13:00,16.7
2024-07-09T14:00,18.3
2024-07-09T15:00,21.8
2024-07-09T16:00,25.1
2024-07-09T17:00,28
2024-07-09T18:00,30.9
2024-07-09T19:00,33.4
2024-07-09T20:00,35.3
2024-07-09T21:00,37
2024-07-09T22:00,38
2024-07-09T23:00,38.2
2024-07-10T00:00,38.4
2024-07-10T01:00,38.1
2024-07-10T02:00,36.4
2024-07-10T03:00,32.2
2024-07-10T04:00,28.2
2024-07-10T05:00,25.6
2024-07-10T06:00,23.5
2024-07-10T07:00,21.9
2024-07-10T08:00,20.6
2024-07-10T09:00,19.6
2024-07-10T10:00,18.5
2024-07-10T11:00,17.5
2024-07-10T12:00,16.7
2024-07-10T13:00,16.7
2024-07-10T14:00,17.4
2024-07-10T15:00,19.4
2024-07-10T16:00,21.9
2024-07-10T17:00,24.4
2024-07-10T18:00,27
2024-07-10T19:00,29.1
2024-07-10T20:00,31.2
2024-07-10T21:00,32.8
2024-07-10T22:00,33.7
2024-07-10T23:00,34.3
